grid_id,Region,Longitude..WGS84.,Latitude..WGS84.,occurrence_probability_2026,forecast_year
1938,South East,-1.33186318634566,50.5984812255737,0.28349453607090624,2026
1939,South East,-1.26122296295282,50.5980548203793,0.42908712482214073,2026
2069,South East,-1.40193529694267,50.6438264735382,0.5838466775177505,2026
2070,South East,-1.33122607260961,50.6434422897093,0.40096335446774906,2026
2071,South East,-1.26051847637264,50.6430152060238,0.652531851910311,2026
2072,South East,-1.1898126803516,50.6425452249474,0.4632325812485158,2026
2200,South East,-1.47214234110288,50.6891296191155,0.6652173447369842,2026
2201,South East,-1.40136410552596,50.6887877941258,0.7628710133800576,2026
2202,South East,-1.33058733077622,50.6884029987851,0.7499260058160633,2026
2203,South East,-1.25981218957485,50.6879752353186,0.7422938090587746,2026
2204,South East,-1.18903885461788,50.6875045061997,0.8445672780137307,2026
2205,South East,-1.11826749857357,50.6869908141502,0.86454956645975,2026
2330,South East,-1.61333304798793,50.7346467447408,0.910515690542753,2026
2334,South East,-1.32994695539317,50.7333633528973,0.6853306480469034,2026
2335,South East,-1.25910409653092,50.7329349083553,0.6996312848329556,2026
2336,South East,-1.18826304996936,50.7324634297694,0.8197333796178355,2026
2460,South East,-1.75479788826825,50.7799928378807,0.4812781397794263,2026
2461,South East,-1.68387987994106,50.7798223698768,0.10670100898775028,2026
2462,South East,-1.61296264653254,50.7796087881231,0.28920554729357534,2026
2463,South East,-1.54204636199939,50.7793520938589,0.3366651169333597,2026
2464,South East,-1.47113120028365,50.779052288573,0.6235009102724033,2026
2472,South East,-0.903871194054136,50.7751021106793,0.23599444039447537,2026
2473,South East,-0.832973961333338,50.7744144144446,0.18561582455147344,2026
2488,South East,0.230044108038007,50.7589319103598,0.42027421625472045,2026
2592,South East,-1.75456271372131,50.8249551423401,0.19456098346084635,2026
2593,South East,-1.68357661619978,50.8247844027095,0.08856968268175089,2026
2594,South East,-1.61259129620216,50.8245704806418,0.010846659527593488,2026
2595,South East,-1.54160692826994,50.8243133773798,0.0024064335377715703,2026
2596,South East,-1.47062368692985,50.8240130944172,0.06388648101779505,2026
2597,South East,-1.39964174669116,50.8236696334985,0.3105086483302028,2026
2598,South East,-1.32866128204295,50.8232829966188,0.9019986234087622,2026
2600,South East,-1.18670547735726,50.8223802042112,0.5016219446683426,2026
2602,South East,-1.04475766827924,50.8213047381696,0.4285829007688814,2026
2603,South East,-0.973787198024446,50.8207022601872,0.6416005284990041,2026
2605,South East,-0.831853997637008,50.819367831793,0.6634119020526347,2026
2606,South East,-0.760891616007004,50.8186358891299,0.4839047936548904,2026
2607,South East,-0.689932279015577,50.817860799739,0.568652028836318,2026
2608,South East,-0.618976160801522,50.8170425681202,0.8892231977474228,2026
2609,South East,-0.548023435453779,50.8161811990236,0.8831524387835075,2026
2610,South East,-0.477074277008746,50.815276697449,0.8532857438027047,2026
2611,South East,-0.406128859447591,50.8143290686463,0.6629973136059658,2026
2616,South East,-0.0514639700368804,50.8089442174348,0.4881293426233375,2026
2617,South East,0.0194553520471888,50.8077379494906,0.8366401471496505,2026
2618,South East,0.090369717150784,50.8064885980549,0.8296078089372013,2026
2619,South East,0.161278951830997,50.8051961703727,0.9106356490967431,2026
2620,South East,0.232182882724216,50.8038606739377,0.7997794564860332,2026
2621,South East,0.303081336548788,50.8024821164922,0.9275502783696642,2026
2723,South East,-1.82538190247519,50.8700448567452,0.09644545438048978,2026
2724,South East,-1.75432693620526,50.8699170972192,0.05825051297560884,2026
2725,South East,-1.68327257493542,50.8697460854421,0.00937046286811326,2026
2726,South East,-1.61221899380677,50.869531822409,0.10760696067847803,2026
2727,South East,-1.5411663679483,50.8692743093665,0.0015291609055667556,2026
2728,South East,-1.47011487247416,50.8689735478131,0.03332338149581186,2026
2729,South East,-1.39906468248092,50.8686295394985,0.012315414497201629,2026
2730,South East,-1.32801597304485,50.8682422864243,0.04846416916561251,2026
2731,South East,-1.25696891921922,50.8678117908433,0.3957414137910186,2026
2732,South East,-1.18592369603157,50.86733805526,0.4757100277816745,2026
2733,South East,-1.114880478481,50.8668210824301,0.8023180745128525,2026
2734,South East,-1.04383944153544,50.8662608753607,0.4129703017134445,2026
2735,South East,-0.972800760128939,50.8656574373105,0.2256450648493618,2026
2736,South East,-0.901764609158954,50.8650107717889,0.890721516515896,2026
2737,South East,-0.830731163483641,50.8643208825569,0.4043705941508934,2026
2738,South East,-0.759700597919136,50.8635877736265,0.7934342077229046,2026
2739,South East,-0.688673087236852,50.8628114492606,0.2731398202564059,2026
2740,South East,-0.617648806160766,50.861991913973,0.5230600048122717,2026
2742,South East,-0.475610631469695,50.860223229943,0.4199471706150188,2026
2743,South East,-0.404597087041156,50.8592740914821,0.2848684699692452,2026
2744,South East,-0.333587470586302,50.8582817626629,0.5867822515185632,2026
2745,South East,-0.262581956551397,50.8572462492525,0.7185005267555595,2026
2746,South East,-0.191580719319067,50.8561675572684,0.5020088169786686,2026
2747,South East,-0.120583933205608,50.8550456929785,0.8388507256739381,2026
2748,South East,-0.0495917724582986,50.8538806629005,0.5893795378099985,2026
2749,South East,0.0213955887472914,50.8526724738023,0.9136787328767337,2026
2750,South East,0.0923779763099809,50.8514211327018,0.7951362685282378,2026
2751,South East,0.163355216205661,50.8501266468662,0.6172846906238258,2026
2752,South East,0.234327134489973,50.8487890238127,0.5368496608839549,2026
2753,South East,0.305293557300987,50.8474082713077,0.7738237218799524,2026
2754,South East,0.376254310861867,50.8459843973669,0.9455528502764824,2026
2755,South East,0.447209221483544,50.8445174102552,0.4145852631282463,2026
2856,South East,-1.75409055369038,50.9148787026353,0.07803102849272377,2026
2857,South East,-1.68296775353066,50.91470741819,0.005719102905316381,2026
2858,South East,-1.61184573614155,50.9144928135378,0.041188012594646606,2026
2859,South East,-1.54072467724226,50.9142348899294,0.0025171143762918774,2026
2861,South East,-1.39848613771255,50.913589092108,0.6048478299431351,2026
2862,South East,-1.3273690084349,50.9132012216581,0.49687795450306416,2026
2863,South East,-1.25625354034717,50.9127700397779,0.029714076615234036,2026
2864,South East,-1.18513990906654,50.9122955489796,0.3250753645808204,2026
2865,South East,-1.11402829018155,50.9117777520275,0.6072966266898323,2026
2866,South East,-1.04291885924943,50.9112166519383,0.1796226852280514,2026
2867,South East,-0.971811791793326,50.9106122519804,0.22199344097698703,2026
2868,South East,-0.900707263299579,50.9099645556746,0.11120651598468596,2026
2869,South East,-0.829605449215001,50.9092735667934,0.3704703637441259,2026
2870,South East,-0.758506524944148,50.9085392893613,0.1466809439585585,2026
2871,South East,-0.687410665846591,50.9077617276545,0.06282217831003875,2026
2872,South East,-0.616318047234198,50.906940886201,0.04044426471451477,2026
2873,South East,-0.545228844368409,50.9060767697804,0.5118582773385222,2026
2874,South East,-0.474143232457517,50.9051693834239,0.0637153014280243,2026
2875,South East,-0.403061386653952,50.904218732414,0.17133336060668317,2026
2876,South East,-0.331983482051565,50.9032248222846,0.48663088805512733,2026
2877,South East,-0.260909693682917,50.902187658821,0.9064359775526662,2026
2878,South East,-0.189840196516567,50.9011072480594,0.5292197665506673,2026
2879,South East,-0.118775165454364,50.8999835962871,0.5295655497499114,2026
2880,South East,-0.0477147753287408,50.8988167100423,0.658538365392609,2026
2881,South East,0.0233407990999834,50.8976065961138,0.6760972689672192,2026
2882,South East,0.0943913831463076,50.8963532615414,0.8823677964549494,2026
2883,South East,0.165436802202245,50.895056713615,0.21161820068030168,2026
2884,South East,0.236476881740015,50.8937169598751,0.2419535846746361,2026
2885,South East,0.307511447314736,50.8923340081122,0.6354091199954969,2026
2886,South East,0.378540324567108,50.8909078663671,0.7037183136891983,2026
2887,South East,0.449563339226103,50.8894385429303,0.6526538245656022,2026
2888,South East,0.520580317111641,50.8879260463423,0.520925017638977,2026
2889,South East,0.591591084137266,50.8863703853929,0.5329604396475319,2026
2890,South East,0.662595466312825,50.8847715691214,0.5725858736333216,2026
2986,South East,-1.89623804462993,50.960052902358,0.023012478484135533,2026
2987,South East,-1.82504558800677,50.9599681260519,0.03647407268430598,2026
2988,South East,-1.75385356413751,50.9598399587063,0.03317540274847992,2026
2990,South East,-1.61147151998686,50.9594534541422,0.015012457632331382,2026
2991,South East,-1.54028185234204,50.9591951191795,0.011738880814534274,2026
2992,South East,-1.46909332271874,50.9588933976889,0.4533201572224611,2026
2993,South East,-1.39790610739632,50.9585482914312,0.7976361424242451,2026
2994,South East,-1.32672038263362,50.9581598024203,0.2298387473740943,2026
2995,South East,-1.25553632466618,50.9577279329233,0.5155507767152744,2026
2996,South East,-1.18435410970355,50.9572526854602,0.10121816362901204,2026
2997,South East,-1.11317391392648,50.956734062804,0.489333379682347,2026
2998,South East,-1.04199591348422,50.9561720679807,0.22956292722036772,2026
2999,South East,-0.970820284491729,50.955566704269,0.0827162071762318,2026
3000,South East,-0.899647203026966,50.9549179752007,0.12931530731965993,2026
3001,South East,-0.828476845128129,50.9542258845599,0.34295421435602824,2026
3002,South East,-0.757309386790914,50.9534904363838,0.3846262935484359,2026
3003,South East,-0.68614500396578,50.952711634962,0.05735794842611934,2026
3004,South East,-0.614983872555201,50.9518894848364,0.14922244170263013,2026
3005,South East,-0.543826168410941,50.9510239908018,0.12725466631401208,2026
3006,South East,-0.472672067331307,50.9501151579048,0.2664710869872122,2026
3007,South East,-0.401521745058427,50.9491629914447,0.17166389565130485,2026
3008,South East,-0.330375377275509,50.9481674969724,0.3643424528493111,2026
3009,South East,-0.259233139604122,50.9471286802914,0.6692747179478716,2026
3010,South East,-0.188095207601466,50.9460465474565,0.693389556321269,2026
3011,South East,-0.116961756757646,50.9449211047749,0.5453487913988523,2026
3012,South East,-0.0458329624929572,50.943752358805,0.5810266212214503,2026
3013,South East,0.025290999844837,50.9425403163568,0.13241487788851825,2026
3014,South East,0.0964099549832189,50.941284984492,0.23309782075565907,2026
3015,South East,0.167523727727629,50.9399863705233,0.24388951655221486,2026
3016,South East,0.238632142964174,50.9386444820146,0.6082504222237111,2026
3017,South East,0.309735025662332,50.9372593267809,0.4064070101741037,2026
3018,South East,0.38083220087766,50.9358309128877,0.48551004222641436,2026
3019,South East,0.451923493754486,50.9343592486517,0.674205430848192,2026
3020,South East,0.523008729528609,50.9328443426396,0.542084667609751,2026
3021,South East,0.594087733529991,50.9312862036688,0.7849470010828158,2026
3022,South East,0.665160331185442,50.9296848408068,0.8725916479937195,2026
3023,South East,0.736226348021313,50.928040263371,0.8234437444575505,2026
3025,South East,0.878337941853452,50.9246215032972,0.09845851003001917,2026
3026,South East,0.949383170424199,50.9228473405425,0.20087139962249467,2026
3123,South East,-1.53983788942019,51.0041549972287,0.11807047638987865,2026
3124,South East,-1.46858057859899,51.0038527943852,0.37891051537239545,2026
3125,South East,-1.39732458651939,51.0035071375728,0.31960715297435005,2026
3126,South East,-1.32607009003561,51.0031180288115,0.4117270161563168,2026
3127,South East,-1.25481726597849,51.0026854703755,0.18837114948370545,2026
3128,South East,-1.18356629115266,51.0022094647927,0.1703703007597558,2026
3129,South East,-1.11231734233383,51.0016900148448,0.16363625944775353,2026
3130,South East,-1.04107059626601,51.0011271235672,0.4824759270428901,2026
3131,South East,-0.969826229658736,51.0005207942489,0.07991555570002261,2026
3132,South East,-0.898584419184318,50.9998710304327,0.09319727727119792,2026
3133,South East,-0.82734534147508,50.9991778359145,0.2559266709699855,2026
3134,South East,-0.756109173120605,50.9984412147442,0.17573097696527826,2026
3135,South East,-0.684876090664972,50.9976611712246,0.12811505532610176,2026
3136,South East,-0.613646270604006,50.9968377099122,0.3087117264622538,2026
3137,South East,-0.542419889382524,50.9959708356163,0.15433294763187758,2026
3138,South East,-0.471197123391582,50.9950605533995,0.589221588652376,2026
3139,South East,-0.399978148965734,50.9941068685776,0.3129544881764103,2026
3140,South East,-0.328763142380277,50.993109786719,0.4286133059651147,2026
3141,South East,-0.257552279848513,50.9920693136449,0.45947369997236287,2026
3142,South East,-0.186345737519004,50.9909854554295,0.4566722397786247,2026
3143,South East,-0.115143691472835,50.9898582183994,0.5331418037661435,2026
3144,South East,-0.0439463177208772,50.9886876091334,0.447198029973166,2026
3145,South East,0.027246207798943,50.9874736344631,0.2862831801543461,2026
3146,South East,0.0984337092243812,50.9862163014719,0.1184287960005604,2026
3147,South East,0.169616010771594,50.9849156174955,0.343315794738033,2026
3148,South East,0.24079293673787,50.9835715901212,0.3757778584312716,2026
3149,South East,0.311964311504348,50.9821842271885,0.4960130222166869,2026
3150,South East,0.383129959538738,50.9807535367882,0.6620157298326096,2026
3151,South East,0.45428970539803,50.9792795272627,0.40044218486073724,2026
3152,South East,0.525443373731211,50.9777622072056,0.7259356744325648,2026
3153,South East,0.59659078928197,50.9762015854616,0.901381909781584,2026
3154,South East,0.667731776891402,50.9745976711266,0.9045066833615136,2026
3155,South East,0.738866161500706,50.972950473547,0.8905166681534694,2026
3156,South East,0.809993768153885,50.97126000232,0.7204594249225973,2026
3157,South East,0.881114422000434,50.9695262672931,0.5463732906693272,2026
3158,South East,0.952227948298031,50.9677492785642,0.22471017496256682,2026
3254,South East,-1.61072019925569,51.0493736842371,0.17967519357982384,2026
3255,South East,-1.53939278463147,51.0491145241897,0.7755331078818187,2026
3256,South East,-1.46806651573705,51.0488118390663,0.40329475655644464,2026
3257,South East,-1.39674157004559,51.0484656306386,0.38081182691047494,2026
3258,South East,-1.32541812500948,51.0480759009331,0.22492001393036318,2026
3259,South East,-1.25409635805758,51.0476426522312,0.20535001525491808,2026
3260,South East,-1.18277644659239,51.0471658870687,0.12415977995487051,2026
3261,South East,-1.11145856798736,51.0466456082358,0.14613689501425892,2026
3262,South East,-1.040142899584,51.0460818187776,0.08251204360998415,2026
3263,South East,-0.968829618689179,51.0454745219933,0.07783334711183483,2026
3264,South East,-0.897518902572334,51.0448237214367,0.03707176732095685,2026
3265,South East,-0.826210928462671,51.0441294209159,0.008962575532109985,2026
3266,South East,-0.754905873546411,51.0433916244931,0.03285345923034596,2026
3267,South East,-0.68360391496401,51.0426103364847,0.0444226863269727,2026
3268,South East,-0.612305229807395,51.0417855614614,0.10875745892075261,2026
3269,South East,-0.541009995117187,51.0409173042477,0.047252894852540826,2026
3270,South East,-0.469718387879943,51.0400055699219,0.26461410585788375,2026
3271,South East,-0.398430585025385,51.0390503638164,0.2803418932103902,2026
3272,South East,-0.327146763423645,51.038051691517,0.2252919159247268,2026
3273,South East,-0.255867099882497,51.0370095588632,0.07347758015969738,2026
3274,South East,-0.184591771144608,51.0359239719481,0.3728929028181148,2026
3275,South East,-0.113320953884776,51.0347949371181,0.23179427698581923,2026
3276,South East,-0.042054824707185,51.0336224609726,0.40778870202503337,2026
3277,South East,0.0292064398573494,51.0324065503644,0.13493250278730423,2026
3278,South East,0.100462663354124,51.0311472123991,0.2176554797749319,2026
3279,South East,0.171713669407292,51.0298444544354,0.3075833696077613,2026
3280,South East,0.242959281722599,51.0284982840843,0.2904749891466776,2026
3281,South East,0.314199324090128,51.0271087092097,0.5096705159238876,2026
3282,South East,0.385433620387025,51.0256757379277,0.3076844927215491,2026
3283,South East,0.456661994580234,51.0241993786066,0.3433337684672447,2026
3284,South East,0.527884270729222,51.022679639867,0.6623363021161323,2026
3285,South East,0.599100272988701,51.0211165305812,0.853479773879472,2026
3286,South East,0.670309825611347,51.0195100598734,0.7533631713317649,2026
3287,South East,0.741512752950518,51.0178602371193,0.8021072029063191,2026
3288,South East,0.812708879462964,51.0161670719458,0.9230653507686518,2026
3289,South East,0.88389802971153,51.0144305742314,0.7000614156994462,2026
3290,South East,0.955080028367868,51.0126507541052,0.5128545028618471,2026
3386,South East,-1.61034308816491,51.0943332739595,0.29574416793092634,2026
3387,South East,-1.5389465341128,51.0940737001761,0.3678985829789814,2026
3388,South East,-1.46755112967156,51.0937705318421,0.38504488505310513,2026
3389,South East,-1.39615705291539,51.0934237707349,0.3232837226135748,2026
3390,South East,-1.32476448189765,51.0930334188874,0.4732850105988125,2026
3391,South East,-1.25337359464799,51.092599478588,0.15341768650617102,2026
3392,South East,-1.18198456916959,51.0921219523803,0.18115473753574965,2026
3393,South East,-1.11059758343636,51.0916008430636,0.1786122513263403,2026
3394,South East,-1.03921281539014,51.0910361536923,0.07905229620037742,2026
3395,South East,-0.967830442937903,51.090427887576,0.01682525189664347,2026
3396,South East,-0.896450643948973,51.0897760482796,0.02706264714939349,2026
3397,South East,-0.825073596252216,51.0890806396232,0.010424805561109278,2026
3398,South East,-0.753699477633265,51.0883416656816,0.010302641459795325,2026
3399,South East,-0.682328465831724,51.0875591307848,0.02084392206517006,2026
3400,South East,-0.610960738538388,51.0867330395179,0.04575553177874807,2026
3401,South East,-0.539596473392453,51.0858633967202,0.08216400428274283,2026
3402,South East,-0.468235847978736,51.0849502074862,0.2840662963375537,2026
3403,South East,-0.396879039824894,51.0839934771649,0.27973054246665247,2026
3404,South East,-0.325526226398649,51.0829932113595,0.3708473206070367,2026
3405,South East,-0.254177585105008,51.0819494159279,0.09289549297922538,2026
3406,South East,-0.182833293283493,51.0808620969822,0.18246759753119898,2026
3407,South East,-0.111493528205372,51.0797312608886,0.4130686209478589,2026
3408,South East,-0.0401584670708868,51.0785569142673,0.25189122194134905,2026
3409,South East,0.0311717129935083,51.0773390639924,0.06265482030116956,2026
3410,South East,0.102496834937911,51.0760777171918,0.07674810059942228,2026
3411,South East,0.173816721791727,51.0747728812471,0.2261573529600845,2026
3412,South East,0.245131196666426,51.0734245637933,0.1098253420391922,2026
3413,South East,0.3164400827583,51.0720327727187,0.13872794216963674,2026
3414,South East,0.387743203351202,51.0705975161647,0.22985172662535622,2026
3415,South East,0.459040381819302,51.0691188025261,0.38239516394998235,2026
3416,South East,0.530331441629824,51.0675966404502,0.3739867155258643,2026
3417,South East,0.601616206345783,51.066031038837,0.5088715533422921,2026
3418,South East,0.672894499628725,51.0644220068393,0.7505174417217526,2026
3419,South East,0.744166145241452,51.0627695538619,0.7831237235768901,2026
3420,South East,0.815430967050754,51.0610736895621,0.7726159952373594,2026
3421,South East,0.886688789030124,51.0593344238489,0.8459052266640433,2026
3422,South East,0.957939435262489,51.0575517668833,0.8180044942130242,2026
3423,South East,1.02918272994291,51.0557257290778,0.9253085770598086,2026
3518,South East,-1.60996500555584,51.1392925136211,0.10425647779585583,2026
3519,South East,-1.5384991339831,51.1390325253022,0.06888497674039372,2026
3520,South East,-1.46703441592035,51.1387288728238,0.22496319845984936,2026
3521,South East,-1.3955710300457,51.1383815579691,0.14889266305298784,2026
3522,South East,-1.32410915501621,51.1379905827773,0.3390707583767019,2026
3523,South East,-1.25264896946515,51.1375559495439,0.2518605441238939,2026
3524,South East,-1.18119065199917,51.1370776608206,0.21589729493655616,2026
3525,South East,-1.10973438119546,51.1365557194155,0.07380067893831367,2026
3526,South East,-1.03828033559896,51.1359901283924,0.05502763260798605,2026
3527,South East,-0.966828693719536,51.1353808910715,0.028699618790496356,2026
3528,South East,-0.895379634029198,51.1347280110287,0.014817483115300815,2026
3529,South East,-0.823933334959265,51.1340314920961,0.01624080564026053,2026
3530,South East,-0.752489974897566,51.1332913383614,0.0067076533434386465,2026
3531,South East,-0.681049732185643,51.1325075541682,0.0353214998299801,2026
3532,South East,-0.609612785115941,51.1316801441156,0.024556706830017677,2026
3533,South East,-0.538179311929012,51.1308091130585,0.051390654078753775,2026
3534,South East,-0.466749490810715,51.1298944661072,0.036273838727725896,2026
3535,South East,-0.395323499889418,51.1289362086273,0.097037871791335,2026
3536,South East,-0.323901517233212,51.1279343462399,0.06834580584184866,2026
3537,South East,-0.252483720847107,51.126888884821,0.04448086213717884,2026
3538,South East,-0.181070288670254,51.1257998305019,0.20352469115078994,2026
3539,South East,-0.109661398573154,51.1246671896688,0.07469322118842214,2026
3540,South East,-0.0382572283548735,51.1234909689625,0.09244411078922184,2026
3541,South East,0.0331420442597323,51.1222711752788,0.0680990758756268,2026
3542,South East,0.104536241622803,51.1210078157679,0.0558122198510016,2026
3543,South East,0.17592518616624,51.1197008978344,0.04981360894558933,2026
3544,South East,0.247308700404487,51.1183504291372,0.13000512646809717,2026
3545,South East,0.318686606937293,51.1169564175893,0.1972395760455189,2026
3546,South East,0.390058728452475,51.1155188713578,0.0702548764147999,2026
3547,South East,0.461424887728685,51.1140377988635,0.07344356719192961,2026
3548,South East,0.532784907638166,51.1125132087808,0.1951098743974271,2026
3549,South East,0.604138611149504,51.1109451100377,0.49623237762027333,2026
3550,South East,0.675485821330378,51.1093335118154,0.39585498440595546,2026
3551,South East,0.746826361350312,51.1076784235483,0.6956854394493409,2026
3552,South East,0.818160054483412,51.1059798549238,0.5584492695903533,2026
3553,South East,0.889486724111103,51.104237815882,0.8139850515950536,2026
3554,South East,0.960806193724868,51.1024523166154,0.4783337336043139,2026
3555,South East,1.03211828692898,51.1006233675692,0.2431594328843576,2026
3556,South East,1.1034228274432,51.0987509794406,0.35547516631074566,2026
3557,South East,1.17471963910556,51.0968351631787,0.17774443190674716,2026
3650,South East,-1.6095859481333,51.18425140334,0.0581913452833706,2026
3651,South East,-1.5380505803432,51.183990999683,0.3828728596546565,2026
3652,South East,-1.46651636998042,51.1836868621232,0.3182420013086706,2026
3653,South East,-1.39498349632973,51.1833389924491,0.24415116732670614,2026
3654,South East,-1.32345213865477,51.1829473927064,0.24312804543545188,2026
3655,South East,-1.25192247619524,51.1825120651979,0.144439203770667,2026
3656,South East,-1.18039468816403,51.1820330124834,0.08267514157200961,2026
3657,South East,-1.10886895374444,51.1815102373795,0.07898614165189996,2026
3658,South East,-1.03734545208732,51.1809437429598,0.1673282546398204,2026
3659,South East,-0.965824362308254,51.1803335325549,0.07500744543638366,2026
3660,South East,-0.894305863484737,51.179679609752,0.03000672853149756,2026
3661,South East,-0.822790134653342,51.1789819783951,0.04848830810584831,2026
3662,South East,-0.751277354806902,51.1782406425848,0.0680162839944427,2026
3663,South East,-0.679767702891698,51.1774556066783,0.0644671611735119,2026
3664,South East,-0.608261357804625,51.1766268752892,0.0813237489544433,2026
3665,South East,-0.536758498390391,51.1757544532876,0.06793640560132018,2026
3666,South East,-0.465259303438692,51.1748383457998,0.03292593461985159,2026
3667,South East,-0.393763951681404,51.1738785582083,0.03227072517907327,2026
3668,South East,-0.322272621789771,51.1728750961517,0.02992667362476351,2026
3669,South East,-0.250785492371602,51.1718279655247,0.008173188005441251,2026
3670,South East,-0.17930274196846,51.1707371724775,0.2769685861897705,2026
3671,South East,-0.107824549052863,51.1696027234165,0.2773306319982079,2026
3672,South East,-0.0363510920254862,51.1684246250034,0.2382026348657194,2026
3673,South East,0.035117450787641,51.1672028841554,0.11979792037786874,2026
3674,South East,0.106580901137922,51.1659375080453,0.018623979795666722,2026
3675,South East,0.178039080856988,51.1646285041009,0.052725326121473695,2026
3676,South East,0.249491811859482,51.163275880005,0.04610379545746019,2026
3677,South East,0.320938916145847,51.1618796436955,0.032844982259095996,2026
3678,South East,0.392380215805103,51.160439803365,0.08128003355724676,2026
3679,South East,0.463815533017627,51.1589563674607,0.02965710158402949,2026
3680,South East,0.535244690057925,51.1574293446842,0.2614872815959166,2026
3681,South East,0.606667509297403,51.1558587439915,0.18690014679932024,2026
3682,South East,0.678083813207133,51.1542445745925,0.44217426103475765,2026
3683,South East,0.749493424360612,51.1525868459512,0.7455113678353564,2026
3684,South East,0.820896165436525,51.1508855677852,0.7118135554283997,2026
3685,South East,0.892291859221494,51.1491407500657,0.5966577975285446,2026
3686,South East,0.963680328612834,51.1473524030173,0.6382575300843125,2026
3687,South East,1.03506139662129,51.1455205371178,0.28941188617531477,2026
3688,South East,1.10643488637378,51.1436451630977,0.3457643946577584,2026
3689,South East,1.17780062111614,51.1417262919405,0.32015572028148626,2026
3690,South East,1.24915842421585,51.139763934882,0.44139530892624823,2026
3691,South East,1.32050811916474,51.1377581034107,0.2498470403906425,2026
3782,South East,-1.60920591258675,51.2292099432349,0.13711784446561198,2026
3783,South East,-1.53760086927577,51.2289491234346,0.13348572373770518,2026
3784,South East,-1.46599698732773,51.2286444998528,0.25980925826055523,2026
3785,South East,-1.39439444663691,51.2282960742837,0.29749765762646346,2026
3786,South East,-1.32279342707633,51.2279038487794,0.06939962401969271,2026
3787,South East,-1.25119410849495,51.2274678256498,0.3032246465906562,2026
3788,South East,-1.17959667071476,51.2269880074629,0.15918676826710385,2026
3789,South East,-1.10800129352798,51.2264643970441,0.0793404087761936,2026
3790,South East,-1.03640815669421,51.2258969974768,0.19027222182415918,2026
3791,South East,-0.964817439937556,51.2252858121019,0.09701657955198939,2026
3792,South East,-0.893229322943828,51.2246308445179,0.10306557744823477,2026
3793,South East,-0.821643985357679,51.2239320985809,0.05248041824930855,2026
3794,South East,-0.750061606779767,51.2231895784044,0.07721647786922256,2026
3795,South East,-0.678482366763925,51.2224032883593,0.03156502827771321,2026
3796,South East,-0.606906444814322,51.2215732330736,0.03926867374617528,2026
3797,South East,-0.535334020382632,51.2206994174329,0.10863527240847329,2026
3798,South East,-0.463765272865201,51.2197818465794,0.035780510464780584,2026
3799,South East,-0.39220038160022,51.2188205259126,0.020358182729301073,2026
3800,South East,-0.320639525864902,51.2178154610888,0.045092744561752135,2026
3801,South East,-0.249082884872651,51.2167666580211,0.3678355238236397,2026
3802,South East,-0.177530637770249,51.2156741228793,0.29462401879393196,2026
3803,South East,-0.10598296363503,51.2145378620896,0.1864803135213738,2026
3804,South East,-0.0344400414720718,51.2133578823348,0.20378448127360094,2026
3805,South East,0.0370979497886234,51.2121341905538,0.15319118264582987,2026
3806,South East,0.108630831294937,51.2108667939418,0.1096229744925068,2026
3807,South East,0.180158424275436,51.2095556999499,0.15526729496342223,2026
3808,South East,0.251680550042185,51.2082009162852,0.3036261181735905,2026
3809,South East,0.323197029993537,51.2068024509104,0.17975880513716552,2026
3810,South East,0.394707685616939,51.2053603120438,0.23203249345331448,2026
3811,South East,0.466212338491718,51.2038745081591,0.2844934803518098,2026
3812,South East,0.537710810291875,51.2023450479851,0.3282203707401428,2026
3813,South East,0.60920292278887,51.200771940506,0.16206563018921444,2026
3814,South East,0.680688497854401,51.1991551949605,0.2417416057004853,2026
3815,South East,0.752167357463185,51.1974948208423,0.3565227594721709,2026
3816,South East,0.823639323695733,51.1957908278995,0.7725297325271921,2026
3817,South East,0.895104218741113,51.1940432261344,0.27179191550218906,2026
3818,South East,0.966561864899723,51.1922520258038,0.658559029078813,2026
3819,South East,1.03801208458605,51.1904172374182,0.3722479104548218,2026
3820,South East,1.10945470033142,51.1885388717418,0.43743613856539315,2026
3821,South East,1.18088953478675,51.1866169397924,0.22042745705379946,2026
3822,South East,1.25231641072532,51.1846514528411,0.4766275179376731,2026
3823,South East,1.32373515104547,51.1826424224122,0.4825912040799027,2026
3824,South East,1.39514557877337,51.1805898602827,0.3206549539820405,2026
3915,South East,-1.53714999684517,51.2739068966737,0.04431953369081389,2026
3916,South East,-1.46547626341713,51.273601786126,0.06314235457198435,2026
3917,South East,-1.39380387581268,51.2732528035824,0.07476505677238546,2026
3918,South East,-1.32213301451709,51.2728599511012,0.050189271442779175,2026
3919,South East,-1.25046385999139,51.2724232309999,0.08323306873212477,2026
3920,South East,-1.17879659266955,51.2719426458543,0.060764197010004906,2026
3921,South East,-1.10713139295553,51.2714181984988,0.06886118433094193,2026
3922,South East,-1.03546844122053,51.2708498920265,0.06155902697926072,2026
3923,South East,-0.96380791780002,51.2702377297888,0.17550033596149384,2026
3924,South East,-0.89215000299097,51.2695817153956,0.08178544072978966,2026
3925,South East,-0.820494877048947,51.268881852715,0.12904985554409815,2026
3926,South East,-0.748842720185272,51.2681381458735,0.09613944707313715,2026
3927,South East,-0.677193712564166,51.2673505992558,0.1401518123873911,2026
3928,South East,-0.605548034299902,51.2665192175044,0.4495217213510315,2026
3929,South East,-0.533905865453951,51.2656440055202,0.5826056604186662,2026
3930,South East,-0.462267386032138,51.2647249684617,0.08423037375385084,2026
3931,South East,-0.390632775981799,51.2637621117454,0.015967172077023993,2026
3932,South East,-0.319002215188931,51.2627554410452,0.06173066561214543,2026
3933,South East,-0.247375883475363,51.261704962293,0.34240175601581785,2026
3934,South East,-0.17575396059591,51.2606106816779,0.9242911870480991,2026
3935,South East,-0.104136626235539,51.2594726056463,0.9131394371878657,2026
3936,South East,-0.0325240600065416,51.2582907409019,0.9266385514488037,2026
3937,South East,0.0390835585542967,51.2570650944056,0.1779729618384653,2026
3938,South East,0.110686049988526,51.2557956733751,0.07387227841744717,2026
3939,South East,0.18228323491885,51.254482485285,0.03747603762771212,2026
3940,South East,0.253874934051949,51.2531255378665,0.02459355749561763,2026
3941,South East,0.325460968181296,51.2517248391073,0.03298205920509385,2026
3942,South East,0.397041158189966,51.2502803972516,0.35655349221403126,2026
3943,South East,0.46861532505345,51.2487922207996,0.5144951620872412,2026
3944,South East,0.540183289842458,51.2472603185077,0.3619388923327824,2026
3945,South East,0.611744873725719,51.2456846993881,0.21715074936454096,2026
3946,South East,0.683299897972782,51.2440653727087,0.2919580187930657,2026
3947,South East,0.754848183956812,51.2424023479928,0.11086791551586085,2026
3948,South East,0.826389553157371,51.2406956350191,0.20883671137541912,2026
3949,South East,0.897923827163211,51.2389452438215,0.13459196428258355,2026
3950,South East,0.969450827675053,51.2371511846887,0.6098494544392172,2026
3951,South East,1.04097037650836,51.2353134681643,0.27522647789076515,2026
3952,South East,1.11248229559613,51.2334321050461,0.3332966260785213,2026
3953,South East,1.18398640699161,51.2315071063867,0.12184685501618504,2026
3954,South East,1.25548253287113,51.2295384834924,0.29054608335926374,2026
3955,South East,1.32697049553681,51.2275262479235,0.6697219466709563,2026
3956,South East,1.39845011741933,51.225470411494,0.8994297608872741,2026
4048,South East,-1.46495419368223,51.3185587210571,0.030301591020340315,2026
4049,South East,-1.39321177867841,51.3182091804555,0.0336593968921761,2026
4050,South East,-1.3214708951863,51.3178156997781,0.01756902790334408,2026
4051,South East,-1.24973172428189,51.3173782813494,0.043067868423197535,2026
4052,South East,-1.17799444701393,51.3168969277534,0.040080749866383665,2026
4053,South East,-1.10625924440105,51.3163716418336,0.09548886241313774,2026
4054,South East,-1.03452629742885,51.3158024266927,0.09952154583413243,2026
4055,South East,-0.962795787047071,51.3151892856927,0.11160603743611534,2026
4056,South East,-0.891067894166671,51.3145322224548,0.1038127670245602,2026
4057,South East,-0.819342799656992,51.3138312408594,0.10401593073523817,2026
4058,South East,-0.747620684342869,51.3130863450459,0.11667057844920005,2026
4059,South East,-0.675901729001767,51.3122975394128,0.24725137849696804,2026
4060,South East,-0.604186114360909,51.3114648286174,0.49306259070316083,2026
4061,South East,-0.532474021094412,51.3105882175758,0.13058718504986197,2026
4062,South East,-0.460765629820424,51.3096677114628,0.025518072154984223,2026
4063,South East,-0.389061121098265,51.308703315712,0.2809074031796416,2026
4064,South East,-0.317360675425564,51.3076950360153,0.3574946614828495,2026
4065,South East,-0.245664473235405,51.306642878323,0.9296693076617734,2026
4066,South East,-0.173972694893472,51.3055468488438,0.9472232773849869,2026
4068,South East,-0.030603130862923,51.3032232006497,0.944819654662224,2026
4069,South East,0.0410742944569653,51.3019955956423,0.8679776825161319,2026
4070,South East,0.112746575196862,51.3007241462627,0.8168423531722908,2026
4071,South East,0.184413531370785,51.299408860009,0.9172957304074628,2026
4072,South East,0.256074983077219,51.2980497446368,0.04548098387385109,2026
4073,South East,0.327730750501938,51.2966468081588,0.11315653524647225,2026
4074,South East,0.399380653920841,51.2952000588452,0.7025030799456634,2026
4075,South East,0.471024513702773,51.2937095052228,0.6361002178629612,2026
4076,South East,0.542662150312353,51.2921751560757,0.6478995138302404,2026
4077,South East,0.614293384312783,51.2905970204443,0.3494614583966332,2026
4078,South East,0.685918036368669,51.2889751076257,0.2523087988160184,2026
4079,South East,0.757535927248829,51.287309427173,0.26904229007226416,2026
4080,South East,0.829146877829097,51.2855999888958,0.2921323922906131,2026
4081,South East,0.900750709095125,51.2838468028593,0.10972008391964796,2026
4082,South East,0.972347242145181,51.2820498793847,0.13345709867250247,2026
4083,South East,1.04393629819294,51.2802092290486,0.5452505567191464,2026
4084,South East,1.11551769857028,51.2783248626827,0.20706632256351368,2026
4085,South East,1.18709126473004,51.2763967913743,0.24451907936892497,2026
4086,South East,1.25865681824884,51.2744250264652,0.3177222196477308,2026
4087,South East,1.33021418082982,51.272409579552,0.3596125860595249,2026
4180,South East,-1.46443077353526,51.3635153047609,0.04659924939074563,2026
4181,South East,-1.39261815003125,51.3631652050141,0.11604153798111326,2026
4182,South East,-1.32080706326614,51.3627710949165,0.047715981241359964,2026
4183,South East,-1.2489976949338,51.3623329768,0.09404949104030187,2026
4184,South East,-1.17719022670065,51.3618508532568,0.09161421448364311,2026
4185,South East,-1.10538484020282,51.3613247271392,0.145024662206809,2026
4186,South East,-1.03358171704324,51.3607546015597,0.12328856018413067,2026
4187,South East,-0.961781038788744,51.360140479891,0.04124635124806793,2026
4188,South East,-0.889982986967189,51.3594823657658,0.0443862236071271,2026
4189,South East,-0.818187743064554,51.3587802630765,0.10339892708907573,2026
4190,South East,-0.746395488522058,51.3580341759758,0.05461151932589243,2026
4191,South East,-0.674606404733273,51.3572441088758,0.4075041834182009,2026
4192,South East,-0.602820673041239,51.3564100664487,0.7478259810184058,2026
4193,South East,-0.531038474735583,51.3555320536261,0.8611383593492508,2026
4194,South East,-0.45925999104964,51.3546100755991,0.07237993466857738,2026
4195,South East,-0.38748540315757,51.3536441378183,0.7968848151525937,2026
4197,South East,-0.243948639138593,51.351580406094,0.9715419130839543,2026
4203,South East,0.186549332301596,51.3443348240251,0.5806984499727804,2026
4204,South East,0.258280716396046,51.3429735364841,0.07217421928095581,2026
4205,South East,0.330006396840696,51.3415683579374,0.07194911790261864,2026
4206,South East,0.401726193301441,51.340119296681,0.5063962537270373,2026
4207,South East,0.473439925537661,51.3386263612688,0.903192385989851,2026
4208,South East,0.545147413405064,51.3370895605122,0.402237252715218,2026
4209,South East,0.616848476858512,51.3355089034803,0.47811899920995804,2026
4210,South East,0.688542935954857,51.3338843994993,0.3717549265356654,2026
4211,South East,0.760230610855767,51.3322160581524,0.40041549209892774,2026
4212,South East,0.831911321830543,51.3305038892801,0.43405019819841173,2026
4213,South East,0.903584889258943,51.3287479029793,0.7059337816141615,2026
4214,South East,0.975251133633988,51.3269481096035,0.8054383188356736,2026
4215,South East,1.04690987556478,51.3251045197625,0.2353912174850175,2026
4216,South East,1.11856093577929,51.3232171443223,0.2182075715738464,2026
4217,South East,1.19020413512717,51.3212859944049,0.2699953324503131,2026
4218,South East,1.26183929458256,51.3193110813876,0.8046283016205069,2026
4219,South East,1.33346623524684,51.3172924169035,0.7726396028074304,2026
4311,South East,-1.53579037174144,51.4087781144954,0.036569534346032634,2026
4312,South East,-1.46390599836698,51.4084715373532,0.0738512085193618,2026
4313,South East,-1.39202298464393,51.4081208773701,0.5143519722317,2026
4314,South East,-1.32014151291152,51.4077261366241,0.5134221994614839,2026
4315,South East,-1.24826176548434,51.4072873174545,0.31300825139154764,2026
4316,South East,-1.1763839246494,51.4068044224616,0.17468274975794426,2026
4317,South East,-1.10450817266323,51.4062774545069,0.0873388417988133,2026
4318,South East,-1.03263469174896,51.4057064167126,0.2336256959042947,2026
4319,South East,-0.960763664093439,51.4050913124621,0.22053928896231384,2026
4320,South East,-0.888895271844283,51.4044321453994,0.1586262986856628,2026
4321,South East,-0.817029697107006,51.4037289194295,0.025881550955840778,2026
4322,South East,-0.745167121942097,51.4029816387179,0.18717553824437863,2026
4323,South East,-0.673307728362121,51.4021903076909,0.36020200082942294,2026
4324,South East,-0.601451698328818,51.4013549310353,0.5580905904271598,2026
4325,South East,-0.529599213750206,51.4004755136982,0.7898179631640346,2026
4326,South East,-0.457750456477679,51.3995520608872,0.9721872467650368,2026
4327,South East,-0.385905608303118,51.3985845780701,0.9916394899161848,2026
4335,South East,0.188690656468928,51.3892603772358,0.8451838482276454,2026
4336,South East,0.260492153376604,51.3878969132962,0.23651339189167697,2026
4337,South East,0.33228792717575,51.3864894883153,0.22717403240923167,2026
4338,South East,0.404077796919415,51.3850381106153,0.5216288078023583,2026
4339,South East,0.475861581754676,51.383542788777,0.8578766945221907,2026
4340,South East,0.547639100925496,51.3820035316398,0.8777584835683003,2026
4341,South East,0.619410173775566,51.3804203483012,0.900064027483874,2026
4342,South East,0.691174619751161,51.3787932481167,0.8735275475008326,2026
4344,South East,0.834682909393958,51.375407335922,0.8826649238935764,2026
4345,South East,0.90642639249216,51.3736485439119,0.7208758573864004,2026
4348,South East,1.12161203387232,51.3681089496345,0.17408617547985658,2026
4349,South East,1.19332504543465,51.3661747151265,0.12090156616343155,2026
4350,South East,1.26502998972569,51.364196647886,0.7837858865615605,2026
4351,South East,1.33672668724228,51.3621747595825,0.53124367614579,2026
4352,South East,1.40841495861209,51.3601090621415,0.36943259104915105,2026
4444,South East,-1.4633798635465,51.4534274189506,0.036831801999574025,2026
4445,South East,-1.39142627726472,51.4530761976361,0.12864766762329943,2026
4446,South East,-1.31947423824996,51.452680825009,0.12582851726537422,2026
4447,South East,-1.24752392944046,51.452241303416,0.1368459907273798,2026
4448,South East,-1.17557553374672,51.4517576354658,0.16214881345873666,2026
4449,South East,-1.1036292340486,51.4512298240288,0.118073857912105,2026
4450,South East,-1.03168521319234,51.450657872237,0.4924895688908763,2026
4451,South East,-0.959743653987685,51.4500417834846,0.7748299378063324,2026
4452,South East,-0.887804739204947,51.4493815614271,0.44154074430828705,2026
4453,South East,-0.815868651572069,51.4486772099819,0.2419994058149408,2026
4454,South East,-0.743935573771712,51.4479287333276,0.3966663094907134,2026
4455,South East,-0.672005688438336,51.4471361359045,0.1564483062538426,2026
4456,South East,-0.600079178155279,51.4462994224141,0.4307978082490452,2026
4457,South East,-0.528156225451845,51.4454185978194,0.9302844730326154,2026
4467,South East,0.190837522718227,51.4341855195439,0.8527764030429231,2026
4468,South East,0.262709313477714,51.4328198749604,0.7517302409165791,2026
4469,South East,0.334575361578767,51.4314101991641,0.27298125899667547,2026
4470,South East,0.406435485458736,51.4299565005036,0.5031650771667409,2026
4471,South East,0.478289503649539,51.4284587875867,0.8347706010946738,2026
4472,South East,0.550137234780544,51.4269170692805,0.7943052803809465,2026
4475,South East,0.765640893630253,51.4220279745832,0.8200319798075971,2026
4476,South East,0.837461664864857,51.4203103285704,0.7927867336273399,2026
4575,South East,-1.53487807520372,51.4986905093239,0.047084969251000884,2026
4576,South East,-1.46285236442123,51.4983829496704,0.1186030628624388,2026
4577,South East,-1.39082802261719,51.4980311659254,0.06769060950746807,2026
4578,South East,-1.31880523338137,51.4976351601802,0.029992739018284188,2026
4579,South East,-1.24678418027858,51.4971949347888,0.038451134042697,2026
4580,South East,-1.17476504684573,51.496710492368,0.029314139163413685,2026
4581,South East,-1.10274801658892,51.4961818357975,0.11168289429842641,2026
4582,South East,-1.03073327298045,51.4956089682192,0.1797611794113859,2026
4583,South East,-0.958720999455893,51.494991893038,0.13046390099903107,2026
4584,South East,-0.886711379411155,51.494330613921,0.5707514669358027,2026
4585,South East,-0.814704596199542,51.4936251347979,0.4158705919665741,2026
4586,South East,-0.742700833128806,51.4928754598606,0.7563152058949874,2026
4587,South East,-0.670700273458218,51.4920815935635,0.5212154870552194,2026
4588,South East,-0.598703100395634,51.4912435406229,0.7805880293329276,2026
4589,South East,-0.526709497094553,51.4903613060174,0.8781185241255224,2026
4603,South East,0.480723712617706,51.4733743575362,0.9265350245212672,2026
4604,South East,0.552641836979681,51.4718301732557,0.9548878685290562,2026
4605,South East,0.624553470898983,51.4702419225147,0.7783268280177443,2026
4606,South East,0.696458432592184,51.4686096147278,0.7660493422009026,2026
4706,South East,-1.60651799493287,51.5439099375798,0.21924773645834603,2026
4707,South East,-1.53442015090809,51.5436461819846,0.2367532103029509,2026
4708,South East,-1.46232349631666,51.5433381296306,0.12141035004444739,2026
4709,South East,-1.39022821540015,51.5429857823523,0.08892191542129599,2026
4710,South East,-1.31813449237797,51.5425891422473,0.07292372098794912,2026
4711,South East,-1.24604251144449,51.5421482116774,0.15954876108685004,2026
4712,South East,-1.17395245676597,51.5416629932676,0.504979197455236,2026
4713,South East,-1.1018645124777,51.5411334899065,0.2687574854798691,2026
4714,South East,-1.02977886268096,51.5405597047463,0.10077892972442787,2026
4715,South East,-0.957695691440112,51.5399416412024,0.04542495149254639,2026
4716,South East,-0.885615182779598,51.5392793029536,0.06592573379461529,2026
4717,South East,-0.813537520681018,51.5385726939422,0.08230105211594628,2026
4718,South East,-0.741462889080156,51.5378218183732,0.3787273020959646,2026
4719,South East,-0.66939147186403,51.5370266807152,0.6215567563579177,2026
4720,South East,-0.597323452867941,51.5361872856995,0.8218406487688172,2026
4721,South East,-0.525259015872519,51.5353036383204,0.9726297291573868,2026
4837,South East,-1.67829999812744,51.5890854922317,0.6362758413748537,2026
4838,South East,-1.6061300133403,51.5888656832582,0.33007407146780016,2026
4839,South East,-1.53396103717873,51.5886015049725,0.2485104071640172,2026
4840,South East,-1.46179325453633,51.5882929589503,0.18312917006492768,2026
4841,South East,-1.38962685028742,51.5879400470316,0.22533930268550437,2026
4842,South East,-1.31746200928408,51.587542771321,0.12195894153536543,2026
4843,South East,-1.24529891635313,51.5871011341875,0.37171181996955616,2026
4844,South East,-1.17313775629319,51.5866151382645,0.23978140740619736,2026
4845,South East,-1.10097871387169,51.5860847864499,0.3523431195615502,2026
4846,South East,-1.02882197382186,51.5855100819057,0.10300640209634225,2026
4847,South East,-0.956667720839783,51.5848910280583,0.02670227109600033,2026
4848,South East,-0.884516139581418,51.5842276285982,0.016093614233403577,2026
4849,South East,-0.81236741465961,51.58351988748,0.02195793362623278,2026
4850,South East,-0.740221730641126,51.5827678089222,0.7558735715152425,2026
4851,South East,-0.668079272043684,51.5819713974075,0.5923908826211047,2026
4852,South East,-0.595940223332978,51.5811306576823,0.6470270679480262,2026
4853,South East,-0.523804768919722,51.5802455947566,0.8793112617922405,2026
4970,South East,-1.60574102312224,51.6338210802186,0.2856142643853023,2026
4971,South East,-1.53350072992981,51.6335564784108,0.4852397907848755,2026
4972,South East,-1.46126163436163,51.633247437749,0.3623305943362906,2026
4973,South East,-1.38902392192778,51.6328939600791,0.3178338215589861,2026
4974,South East,-1.31678777811594,51.6324960475123,0.21852510971174247,2026
4975,South East,-1.24455338838843,51.6320537024251,0.05729849400755834,2026
4976,South East,-1.17232093817918,51.6315669274595,0.4411127155673458,2026
4977,South East,-1.10009061289072,51.6310357255223,0.04806633211740576,2026
4978,South East,-1.02786259789122,51.6304600997858,0.12099942054984313,2026
4979,South East,-0.955637078511489,51.6298400536871,0.030111852929558994,2026
4980,South East,-0.883414240041945,51.6291755909284,0.0415783244866141,2026
4981,South East,-0.811194267729661,51.6284667154771,0.21577083050947204,2026
4982,South East,-0.738977346775358,51.6277134315649,0.3991326077941914,2026
4983,South East,-0.666763662330421,51.6269157436888,0.3585632002765572,2026
4984,South East,-0.59455339949391,51.6260736566102,0.2552423689765316,2026
5101,South East,-1.67766383214308,51.6789966430553,0.7594221799908071,2026
5102,South East,-1.60535102080946,51.678776128588,0.7393382565084005,2026
5103,South East,-1.53303922505623,51.6785111024235,0.7788459173916936,2026
5104,South East,-1.46072863105171,51.6782015661473,0.534551017825845,2026
5105,South East,-1.38841942494473,51.6778475216112,0.05611172316804772,2026
5106,South East,-1.31611179286161,51.6774489709332,0.47683285444251355,2026
5107,South East,-1.24380592090313,51.6770059164974,0.14619459846093685,2026
5108,South East,-1.17150199514152,51.676518360954,0.23542456949766077,2026
5109,South East,-1.09920020161745,51.6759863072192,0.20349320885485986,2026
5110,South East,-1.02690072633701,51.6754097584754,0.454234916301684,2026
5111,South East,-0.954603755268709,51.6747887181705,0.21437143045482993,2026
5112,South East,-0.882309474340431,51.6741231900187,0.14218425569162307,2026
5113,South East,-0.810018069436464,51.6734131779997,0.14828463315685628,2026
5114,South East,-0.737729726394474,51.672658686359,0.23509749491303641,2026
5115,South East,-0.665444631002498,51.6718597196077,0.31562708649188415,2026
5116,South East,-0.593162968995946,51.6710162825223,0.360007431822063,2026
5117,South East,-0.520884926054594,51.6701283801449,0.8680971756740077,2026
5233,South East,-1.67734450648167,51.7239516967527,0.6619321070297522,2026
5234,South East,-1.60496000291636,51.7237308284943,0.3764057457457861,2026
5235,South East,-1.5325765184335,51.7234653771353,0.1028570004392456,2026
5236,South East,-1.46019423984333,51.7231553442664,0.3749477262562235,2026
5237,South East,-1.38781335393642,51.7228007317451,0.7406303093752092,2026
5238,South East,-1.31543404748074,51.7224015416964,0.3816466944347582,2026
5239,South East,-1.24305650721856,51.7219577765118,0.8892136875320545,2026
5240,South East,-1.17068091986344,51.7214694388501,0.5973589806884172,2026
5241,South East,-1.09830747209719,51.7209365316366,0.47809269918891467,2026
5242,South East,-1.02593635056682,51.7203590580639,0.33399276737611855,2026
5243,South East,-0.953567741881559,51.7197370215911,0.15218762793156862,2026
5244,South East,-0.881201832609775,51.7190704259439,0.18981055439388592,2026
5245,South East,-0.808838809275976,51.7183592751148,0.20215892339373223,2026
5246,South East,-0.736478858357772,51.7176035733629,0.3119681969931989,2026
5247,South East,-0.664122166282863,51.7168033252134,0.31925200745728277,2026
5248,South East,-0.591768919426005,51.7159585354583,0.38926483881604823,2026
5365,South East,-1.67702434856511,51.7689064028151,0.26518830096049134,2026
5366,South East,-1.60456796594082,51.768685180066,0.2475580452896526,2026
5367,South East,-1.53211260591765,51.7684193026718,0.2958592195661628,2026
5368,South East,-1.45965845595072,51.7681087722282,0.5063355106823697,2026
5369,South East,-1.38720570347544,51.7677535905989,0.5550549250653384,2026
5370,South East,-1.31475453590444,51.7673537599154,0.7426290683128627,2026
5371,South East,-1.24230514062452,51.7669092825769,0.638000618892651,2026
5372,South East,-1.16985770499359,51.7664201612506,0.23559903381786687,2026
5373,South East,-1.09741241633763,51.7658863988713,0.4897339706947405,2026
5374,South East,-1.02496946194763,51.7653079986417,0.22596858169129555,2026
5375,South East,-0.952529029076544,51.7646849640319,0.35061531395901785,2026
5376,South East,-0.880091304936259,51.7640172987795,0.2621194632166001,2026
5377,South East,-0.807656476694522,51.7633050068897,0.4593875118379325,2026
5378,South East,-0.735224731471921,51.7625480926352,0.2062737013652495,2026
5379,South East,-0.662796256338829,51.7617465605556,0.20235316380037977,2026
5497,South East,-1.67670335551976,51.8138607613744,0.25508880073168566,2026
5498,South East,-1.6041749063642,51.8136391834324,0.3801675361576058,2026
5499,South East,-1.53164748334507,51.8133728791593,0.19844754067891146,2026
5500,South East,-1.45912127456548,51.8130618501557,0.12602625943381604,2026
5501,South East,-1.3865964681087,51.8127060982912,0.7222662030597187,2026
5502,South East,-1.31407325203509,51.8123056257042,0.499807742201713,2026
5503,South East,-1.24155181437902,51.8118604348015,0.48683245474548564,2026
5504,South East,-1.16903234314581,51.811370528259,0.6002522858095019,2026
5505,South East,-1.09651502630866,51.8108359090207,0.4539903048797487,2026
5506,South East,-1.02400005180558,51.8102565802994,0.08106641842927009,2026
5507,South East,-0.951487607536302,51.8096325455765,0.704262334136639,2026
5508,South East,-0.878977881359268,51.8089638086015,0.7591160619706296,2026
5509,South East,-0.806471061088518,51.8082503733923,0.5073062824702261,2026
5510,South East,-0.733967334490648,51.8074922442351,0.30967191950820283,2026
5629,South East,-1.67638152445836,51.8588147725633,0.28647890895284495,2026
5630,South East,-1.60378082065116,51.858592838724,0.18608633169318178,2026
5631,South East,-1.53118114653246,51.8583261067251,0.140848702477804,2026
5632,South East,-1.45858269085645,51.8580145781724,0.2418077073021855,2026
5633,South East,-1.38598564235731,51.8576582549417,0.1645324545411972,2026
5634,South East,-1.31339018974621,51.8572571391779,0.21533131921209442,2026
5635,South East,-1.24079652170817,51.8568112332958,0.3888802391460946,2026
5636,South East,-1.16820482689899,51.8563205399795,0.2650934723807237,2026
5637,South East,-1.09561529394215,51.8557850621828,0.1583346763211635,2026
5638,South East,-1.02302811142573,51.8552048031286,0.09584997571758196,2026
5639,South East,-0.950443467899342,51.8545797663092,0.14819373828293148,2026
5640,South East,-0.877861551871021,51.8539099554864,0.43425223192732954,2026
5641,South East,-0.805282551804162,51.8531953746909,0.7713482865638625,2026
5642,South East,-0.732706656114436,51.8524360282226,0.4388337546337955,2026
5643,South East,-0.660134053166713,51.8516319206503,0.5377662761785129,2026
5644,South East,-0.587564931271988,51.8507830568119,0.3321229103911159,2026
5762,South East,-1.60338570524958,51.9035461460716,0.3091396430728276,2026
5763,South East,-1.53071359127666,51.903278985497,0.06794647890540567,2026
5764,South East,-1.4580426999695,51.9029669564028,0.09424742362794288,2026
5765,South East,-1.38537322071635,51.9026100606704,0.01525974287724479,2026
5766,South East,-1.31270534288225,51.902208300452,0.06441547680803611,2026
5767,South East,-1.24003925580595,51.90176167817,0.10962707919742067,2026
5768,South East,-1.16737514879681,51.901270196517,0.11995184138542718,2026
5769,South East,-1.09471321113169,51.9007338584562,0.027065253325412857,2026
5770,South East,-1.02205363205184,51.9001526672211,0.03488656144800566,2026
5771,South East,-0.949396600759793,51.8995266263149,0.05224555057272512,2026
5772,South East,-0.876742306416289,51.8988557395115,0.05379687973375474,2026
5773,South East,-0.804090938137153,51.8981400108545,0.22245434672539732,2026
5774,South East,-0.731442684990201,51.8973794446576,0.12856121317692268,2026
5894,South East,-1.6029895565905,51.9484991056071,0.03920233701041704,2026
5895,South East,-1.53024481335454,51.9482315156038,0.031650410110404405,2026
5896,South East,-1.45750129702752,51.9479189849718,0.047645072782035884,2026
5897,South East,-1.3847591976548,51.9475615155986,0.014382362514515237,2026
5898,South East,-1.31201870525843,51.947159109643,0.03118375821451933,2026
5899,South East,-1.23928000983401,51.9467117695354,0.015552754118324562,2026
5900,South East,-1.16654330134755,51.946219497977,0.018321842926462197,2026
5901,South East,-1.0938087697324,51.9456822979405,0.02533112765961142,2026
5902,South East,-1.02107660488607,51.9451001726696,0.03877559233508191,2026
5903,South East,-0.948346996667133,51.944473125679,0.05194634481883089,2026
5904,South East,-0.875620134892122,51.9438011607545,0.06839000875765482,2026
5905,South East,-0.802896209332385,51.9430842819527,0.15962303489070762,2026
5906,South East,-0.730175409710987,51.942322493601,0.06223845939813142,2026
6028,South East,-1.45695847713015,51.9928706640055,0.037606178977609005,2026
6029,South East,-1.38414356761532,51.9925126198479,0.0187624635334843,2026
6030,South East,-1.31133027066058,51.9921095668681,0.03994643791877021,2026
6032,South East,-1.16570927702389,51.9911684444659,0.01983698218633131,2026
6033,South East,-1.09290196156069,51.9906303807357,0.015078919672962569,2026
6034,South East,-1.02009702108879,51.9900473195676,0.032255573022018806,2026
6035,South East,-0.947294646125937,51.9894192644876,0.3696711926547713,2026
6036,South East,-0.874495027147559,51.9887462192936,0.11754242242927289,2026
6037,South East,-0.801698354583654,51.9880281880552,0.3610957785752408,2026
6038,South East,-0.728904818815641,51.9872651751138,0.5056635072029911,2026
6039,South East,-0.656114610173239,51.9864571850823,0.1455717547279935,2026
6160,South East,-1.45641423535377,52.0378219936307,0.02310189403730674,2026
6161,South East,-1.38352632501415,52.037463373541,0.017957941117375767,2026
6162,South East,-1.31064003284497,52.037059672245,0.030235644050512527,2026
6165,South East,-1.09199277839403,52.0355781069424,0.03413323013854621,2026
6166,South East,-1.01911487177832,52.0349941080088,0.052703842069341776,2026
6167,South East,-0.946239539595602,52.0343650428272,0.18390126771532075,2026
6168,South East,-0.873366972983357,52.0336909152076,0.37155890765145394,2026
6169,South East,-0.800497363033353,52.0329717292327,0.2983894440717491,2026
6170,South East,-0.7276309007885,52.0322074892578,0.5464827328699973,2026
6171,South East,-0.654767777239701,52.0313981999105,0.6171480274013958,2026
6292,South East,-1.45586856675125,52.0827729739747,0.025925705352750458,2026
6293,South East,-1.38290746424089,52.0824137768011,0.011241828412571373,2026
6301,South East,-0.79929322377217,52.0779149055561,0.3237521450988822,2026
6302,South East,-0.726353644059065,52.0771494360949,0.37184911025294093,2026
6303,South East,-0.653417414667614,52.076338844835,0.5230301031697228,2026
6425,South East,-1.38228697965843,52.1273638297522,0.024537698859923924,2026
6426,South East,-1.30925412243654,52.1269588279296,0.03505985038655192,2026
6432,South East,-0.871101984355894,52.1235792194786,0.12065902425607854,2026
6433,South East,-0.798085925838784,52.122857717097,0.10126937806951017,2026
6434,South East,-0.725073037001681,52.1220910156879,0.42309701297385877,2026
6435,South East,-0.652063510167315,52.1212791199088,0.25871297168412516,2026
6566,South East,-0.723789067935205,52.1670322280997,0.18621460741333873,2026
6567,South East,-0.650706051390488,52.1662190251856,0.20899007523345264,2026
